"mean_X1","mean_X2","mean_X3","mean_X4","logHR_B","var_logHR_B","HR_B"
0.609740460053926,0.584711123785043,0.584326701427274,0.616417313064586,-0.696730538455665,0.00835653458545546,0.498211527334697
